{
  "n_samples": 324,
  "n_features": 127,
  "label_counts": {
    "0": 207,
    "1": 117
  },
  "unique_groups": 162,
  "cv_rf": {
    "mean_acc": 0.9043560606060606,
    "std_acc": 0.03602594344053369,
    "mean_rec": 0.7579328756674295,
    "std_rec": 0.07458530716073254,
    "mean_auc": 0.9396991276906477
  },
  "cv_svm": {
    "mean_acc": 0.8888257575757577,
    "std_acc": 0.026976838197380355,
    "mean_rec": 0.7380707202789581,
    "std_rec": 0.02861660141617468,
    "mean_auc": 0.9134860248447204
  }
}