{
  "n_samples": 324,
  "n_features": 127,
  "label_counts": {
    "0": 207,
    "1": 117
  },
  "unique_groups": 162,
  "cv_rf": {
    "mean_acc": 0.9073863636363637,
    "std_acc": 0.03426093961745758,
    "mean_rec": 0.7647134139697069,
    "std_rec": 0.07204135711238371,
    "mean_auc": 0.9362319550474046
  },
  "cv_svm": {
    "mean_acc": 0.8918560606060606,
    "std_acc": 0.026526309881550574,
    "mean_rec": 0.7452135774218153,
    "std_rec": 0.026138204019438425,
    "mean_auc": 0.9136739947695325
  }
}